job_output_id,configuration_id,observation_code
"""1YeiShYp4qrIfFruzK8997q4NVt""",d89a035e-b470-424d-ac70-a6dd43f08ef2,GWT
"""1YeCnEJThs78wZgUBNcVVVGuOfh""",ed391b1a-bf41-4cda-8636-427091d8213c,YLD
"""1YdV1VYAIO2zBN7faBp9K35D8t1""",ed391b1a-bf41-4cda-8636-427091d8213c,HVPOP
,ed391b1a-bf41-4cda-8636-427091d8213c,MST
"""1YdmEME16pUA1mZyUE5wmuAzbFR""",401b9e43-587f-486a-b08a-782dfe30d2da,EHT
"""1YdmQNyV5K91HEpgb6r7XNg6Pgg""",401b9e43-587f-486a-b08a-782dfe30d2da,SC
"""1Ye7JijpWQtuxNQitNKsaO1hgfS""",ed391b1a-bf41-4cda-8636-427091d8213c,HVPOP
"""1Y6Fftqiq4h2c1ylrHhTVFDOhAh""",401b9e43-587f-486a-b08a-782dfe30d2da,MST
"""1Y3PQe7RtMRxr7koyuHaTFmHELe""",401b9e43-587f-486a-b08a-782dfe30d2da,EHT
"""1YdVXnaN5pJU9zVOU84aenZjUTq""",401b9e43-587f-486a-b08a-782dfe30d2da,YLD
"""1YeDcKbaWSPaGTXgQz7FnVUjnII""",ed391b1a-bf41-4cda-8636-427091d8213c,EHT
"""1YefRK6DBW1UfFrNaMcz9EX8mYR""",401b9e43-587f-486a-b08a-782dfe30d2da,MST
"""1YeevL1a1YIF4pY6apByBlTeKR8""",401b9e43-587f-486a-b08a-782dfe30d2da,EHT
"""1Yef7naYynJNyUBFsAcKlr0hdhD""",401b9e43-587f-486a-b08a-782dfe30d2da,SC
,401b9e43-587f-486a-b08a-782dfe30d2da,MST
"""1YHQm8qZC1IRDtq94WH2EgJp8Sp""",ed391b1a-bf41-4cda-8636-427091d8213c,MST
"""1YdnyOl9SvjKsJGIFG7UL9llfNW""",401b9e43-587f-486a-b08a-782dfe30d2da,HVPOP
"""1YdH6FyZXRrQgFdvh2e8C7w1Uhf""",ed391b1a-bf41-4cda-8636-427091d8213c,YLD
,30fcd3c8-3cf3-48c2-ae03-158b3090dec8,MST
"""1Ye8e4KqsQdA4I3mR2MfXEmWCzc""",401b9e43-587f-486a-b08a-782dfe30d2da,YLD
"""1YeffXY02dZpIOLx0VmNg1Pjqgu""",401b9e43-587f-486a-b08a-782dfe30d2da,SC
"""1Y6skWXRfPZQ2yiWMmNNgkUFhd8""",401b9e43-587f-486a-b08a-782dfe30d2da,MST
"""1YNDpYVXJF8cswZI3PyV8JGBYYg""",401b9e43-587f-486a-b08a-782dfe30d2da,MST
"""1Ye9BBordYorV1BaUn7kqdWId6l""",401b9e43-587f-486a-b08a-782dfe30d2da,HVPOP
"""1YdHFy5I9yxzssX9hXdSSS5m0co""",401b9e43-587f-486a-b08a-782dfe30d2da,MST
"""1YdfVR677LcPXSGPzS5xEh0aqP4""",401b9e43-587f-486a-b08a-782dfe30d2da,HVPOP
"""1YHaukMtgjWEKYX4I7GfqbyIKXu""",401b9e43-587f-486a-b08a-782dfe30d2da,MST
"""1Y6vjSS5RB7fBahLXVk31Qk8W1s""",401b9e43-587f-486a-b08a-782dfe30d2da,MST
"""1YPwX3i9748X1pAdbSKZSizIwST""",d89a035e-b470-424d-ac70-a6dd43f08ef2,MST
"""1YdHPpzRwNto72CYnZDme51ziDm""",ed391b1a-bf41-4cda-8636-427091d8213c,MST
"""1YKPdy6g1TnmFAX68RRlWVHMtli""",401b9e43-587f-486a-b08a-782dfe30d2da,MST
"""1YeJYztIceSLQMzKOCNuF3ON2I6""",401b9e43-587f-486a-b08a-782dfe30d2da,MST
"""1YeftGCTaatGOi51B6Xpr142F0y""",401b9e43-587f-486a-b08a-782dfe30d2da,SC
"""1Yeg5fACjvyBzh2IYoSWAZjzPca""",401b9e43-587f-486a-b08a-782dfe30d2da,EHT
"""1YPv0zOt6W86xU6BHmlRo4UYrCY""",ed391b1a-bf41-4cda-8636-427091d8213c,MST
"""1YegiqpFILFUJaxCr8fl5Mm0SSW""",30fcd3c8-3cf3-48c2-ae03-158b3090dec8,MST
"""1YdtMCCF9cOKSolrncxHVgz1Dxm""",401b9e43-587f-486a-b08a-782dfe30d2da,HVPOP
"""1YBxeXdmxFnKFvMO55We7VY4Wc0""",30fcd3c8-3cf3-48c2-ae03-158b3090dec8,MST
"""1YQ0dZfmYm3O54EoIrEhHykculg""",401b9e43-587f-486a-b08a-782dfe30d2da,MST
"""1YegFerQuK2oaQcTzjGTpkYTH4N""",401b9e43-587f-486a-b08a-782dfe30d2da,MST
,401b9e43-587f-486a-b08a-782dfe30d2da,MST
"""1Y899PubNITyz0UhDaPHcgRBFbr""",401b9e43-587f-486a-b08a-782dfe30d2da,MST
"""1YSjuLMXjlSAFkQW8ZJk2Jbj20P""",d89a035e-b470-424d-ac70-a6dd43f08ef2,MST
"""1YdktlCBYYNFxBf9TcU34EQCC4Y""",401b9e43-587f-486a-b08a-782dfe30d2da,SC
"""1YduIKvYXEbYqKv68bCbpplbc2t""",ed391b1a-bf41-4cda-8636-427091d8213c,YLD
"""1YegxctGKFwPUgAjGcfxgtnJHIY""",401b9e43-587f-486a-b08a-782dfe30d2da,SC
"""1YQ4T7Qbd5ZWfdjfgZSRYohtzMO""",30fcd3c8-3cf3-48c2-ae03-158b3090dec8,MST
"""1YehQO2NjWClWEbp1AD4ePT1tGh""",401b9e43-587f-486a-b08a-782dfe30d2da,HVPOP
"""1YdulI8RmfPQUnwHAyKYl6UAbAr""",401b9e43-587f-486a-b08a-782dfe30d2da,YLD
"""1YdHWQBhK0wK8yEnsN5lMp7C6uG""",401b9e43-587f-486a-b08a-782dfe30d2da,MST
"""1Y6H35aTf5o5xOMzDLGIoyPItTL""",401b9e43-587f-486a-b08a-782dfe30d2da,MST
,30fcd3c8-3cf3-48c2-ae03-158b3090dec8,MST
"""1Y8x5FQZvz2wt56mbUXJWTYJujo""",ed391b1a-bf41-4cda-8636-427091d8213c,MST
"""1YdHkBA1dMLE9oL9HImev6PPO2E""",401b9e43-587f-486a-b08a-782dfe30d2da,SC
"""1YeOSJ0Qdkx7hOUc4g4aWC7MKcR""",401b9e43-587f-486a-b08a-782dfe30d2da,YLD
"""1Yehb4hJ9CeD97QG8b4l0dc0cT2""",401b9e43-587f-486a-b08a-782dfe30d2da,HVPOP
"""1YehjgTnAt3ZDtyXgg8dt6JxwB5""",401b9e43-587f-486a-b08a-782dfe30d2da,YLD
"""1YBtcwBcAiuCe0qOUPJ1piSB2bR""",401b9e43-587f-486a-b08a-782dfe30d2da,MST
"""1YEmk3WyHh9vkuubXmyZZu4NIqG""",30fcd3c8-3cf3-48c2-ae03-158b3090dec8,MST
"""1YGmNl3RKzPqlZMcj3i5K9wzk3I""",ed391b1a-bf41-4cda-8636-427091d8213c,MST
"""1YStRoMc3lJxX3oWkEVmXNlJH7w""",30fcd3c8-3cf3-48c2-ae03-158b3090dec8,MST
"""1YehswAx03EXN8bYIawJ9QsE3ux""",401b9e43-587f-486a-b08a-782dfe30d2da,YLD
"""1YVa68u68LltxA75JP9tfXTHrSM""",ed391b1a-bf41-4cda-8636-427091d8213c,MST
"""1YdySasLvg8jTNCaHR7oj2kGnrS""",401b9e43-587f-486a-b08a-782dfe30d2da,MST
"""1YdHu6NwTDJBCku6lb3wipsYtwq""",401b9e43-587f-486a-b08a-782dfe30d2da,MST
"""1YeQWOmflOI8azG2UFv5MvNYl2c""",401b9e43-587f-486a-b08a-782dfe30d2da,EHT
"""1YdzC83N3wBfzTCwKoKsgz2xGUB""",401b9e43-587f-486a-b08a-782dfe30d2da,YLD
"""1YdIVdpP78TnIPNcfHkrzQRTi1M""",401b9e43-587f-486a-b08a-782dfe30d2da,HVPOP
"""1YdJkAMwi5wHwXNeDUQIqjgS9Wb""",30fcd3c8-3cf3-48c2-ae03-158b3090dec8,MST
"""1YdIn3MTJesigbwAUEhO74zHQBV""",d89a035e-b470-424d-ac70-a6dd43f08ef2,YLD
"""1YdKeH44zQsIsmWHnYSW4XYODYp""",401b9e43-587f-486a-b08a-782dfe30d2da,SC
"""1YdIywY3inOoqayophqFNwSbwjX""",401b9e43-587f-486a-b08a-782dfe30d2da,SC
"""1YdK0OIzWah7DqXcemovnKPOpea""",30fcd3c8-3cf3-48c2-ae03-158b3090dec8,YLD
"""1YdJ946quwF40b0RsObpJ4VNlld""",ed391b1a-bf41-4cda-8636-427091d8213c,MST
"""1YdLIkLTeX5prjLIIWIsf752UzI""",401b9e43-587f-486a-b08a-782dfe30d2da,MST
"""1YdJR6ahT07LNfFbzMLAgCu3Sx0""",30fcd3c8-3cf3-48c2-ae03-158b3090dec8,YLD
"""1YdK3uA3iQzu5mMEoqOqrvykPGZ""",ed391b1a-bf41-4cda-8636-427091d8213c,EHT
"""1YdL4bGXN4DHjeptrpw7ak1A702""",401b9e43-587f-486a-b08a-782dfe30d2da,SC
"""1YdJUQz8og1FpxUBrld8hiyJR8Q""",ed391b1a-bf41-4cda-8636-427091d8213c,HVPOP
"""1YdK7J3RJZDSosByAdNXFlTAnFP""",ed391b1a-bf41-4cda-8636-427091d8213c,HVPOP
"""1Y5TLx28f9R1Gml4pP7zR0MIkq0""",401b9e43-587f-486a-b08a-782dfe30d2da,MST
"""1YdIFgQQkUCbtOGWtT67Zl3NSIm""",30fcd3c8-3cf3-48c2-ae03-158b3090dec8,MST
,401b9e43-587f-486a-b08a-782dfe30d2da,MST
"""1YdKDcET7tpKn2lGexfEbABSA81""",401b9e43-587f-486a-b08a-782dfe30d2da,MST
"""1YdMGNaAs9ipGjhzKV1Tb3MGgMe""",401b9e43-587f-486a-b08a-782dfe30d2da,SC
"""1YdLqP147iMZYIyuHkSUJKUSXJK""",401b9e43-587f-486a-b08a-782dfe30d2da,SC
"""1YdKN8QU5MSqPZRUfNlnUzFeHVg""",401b9e43-587f-486a-b08a-782dfe30d2da,EHT
"""1YdL85Nm03JMJWMY0w2LvOv9dR6""",401b9e43-587f-486a-b08a-782dfe30d2da,SC
"""1YdKvfMKjhYxrkoO4leHJqp3Kcm""",401b9e43-587f-486a-b08a-782dfe30d2da,MST
"""1YdLSFCN6MYfv8b8APWwOzzsikL""",401b9e43-587f-486a-b08a-782dfe30d2da,HVPOP
"""1Y5Nk1qHMsqAilaUvzjVg19tNXY""",401b9e43-587f-486a-b08a-782dfe30d2da,MST
"""1Y5NFqCF2CiMmJCrO9TX5AUeOc1""",401b9e43-587f-486a-b08a-782dfe30d2da,MST
"""1YdLzcJoWq6P0VgcZ61q1kfcElK""",401b9e43-587f-486a-b08a-782dfe30d2da,EHT
"""1YdLefqxhFmhLdI4BlGZtoF4Khm""",401b9e43-587f-486a-b08a-782dfe30d2da,MST
"""1YVZfnbZQ2rukxGSayP1qbHM6pO""",d89a035e-b470-424d-ac70-a6dd43f08ef2,MST
"""1YdzMPDyfIyWYTQaff74cSBkqbX""",401b9e43-587f-486a-b08a-782dfe30d2da,HVPOP
"""1Y98NCGqm3qoCrIVEI6VhEs0Vam""",30fcd3c8-3cf3-48c2-ae03-158b3090dec8,MST
"""1YViKa0iBaxOz7yWi82VeOANP0X""",30fcd3c8-3cf3-48c2-ae03-158b3090dec8,MST
"""1YdMjju5TJWoWBVCdnMeSQb0CMA""",30fcd3c8-3cf3-48c2-ae03-158b3090dec8,YLD
"""1YdO9zL3LUWeoL1IGHctu0KaoRm""",401b9e43-587f-486a-b08a-782dfe30d2da,HVPOP
"""1YdOM48CC58gn7vMf3lvA0Fa2NM""",401b9e43-587f-486a-b08a-782dfe30d2da,YLD
"""1YdPoUcqydsbxfWerrpP8BZJN4o""",401b9e43-587f-486a-b08a-782dfe30d2da,SC
"""1Y5SyDoMnuht1ZMpSGPzOjXfzj9""",401b9e43-587f-486a-b08a-782dfe30d2da,MST
"""1YdPKZPg5lPezT43Nk3cjTTw1AM""",401b9e43-587f-486a-b08a-782dfe30d2da,EHT
"""1YdOlZLLBOFxTh8LJOw5iH3BxrG""",401b9e43-587f-486a-b08a-782dfe30d2da,SC
"""1YdMwjRgxPeTTjFYufLyCKD7eFX""",401b9e43-587f-486a-b08a-782dfe30d2da,HVPOP
"""1YdN2agRQH89KLU60LCmrSAXDxi""",401b9e43-587f-486a-b08a-782dfe30d2da,HVPOP
"""1YdNCEu57To5Xw5skbvcDR43H4X""",401b9e43-587f-486a-b08a-782dfe30d2da,EHT
"""1YdNVkuDaroeMLWIB8YCutxeyrU""",401b9e43-587f-486a-b08a-782dfe30d2da,SC
"""1YdNcwSy2JMTpmLYOhre0ekMpqv""",401b9e43-587f-486a-b08a-782dfe30d2da,YLD
"""1YdNpFlwOdxzCzNfVhDN87Erzpj""",401b9e43-587f-486a-b08a-782dfe30d2da,SC
"""1YdO228ofPAeflHdVxGPzypnKiK""",401b9e43-587f-486a-b08a-782dfe30d2da,YLD
"""1YHXjLeCYByBhenRjB54YBxKxEs""",401b9e43-587f-486a-b08a-782dfe30d2da,MST
"""1YdOv2FIeOoGRZcBmpneWsiQ1ck""",401b9e43-587f-486a-b08a-782dfe30d2da,YLD
"""1YdQZjH1Dvbls0CoC4YigM7Ob0d""",401b9e43-587f-486a-b08a-782dfe30d2da,YLD
"""1YdPYkKfPkjKvPaTTMJ33Y6KwsQ""",30fcd3c8-3cf3-48c2-ae03-158b3090dec8,MST
"""1YdPuO7Q1Zb1Rp7fAYFhrRJTBLF""",401b9e43-587f-486a-b08a-782dfe30d2da,MST
"""1Y5kdnAGNbDJuQGASLNRFWQ7O73""",30fcd3c8-3cf3-48c2-ae03-158b3090dec8,MST
"""1YdR3mtN35qmnIJ9wBRPrL41ReN""",30fcd3c8-3cf3-48c2-ae03-158b3090dec8,YLD
"""1YdQiEg7W8z5rBYe445Z5CAdla8""",401b9e43-587f-486a-b08a-782dfe30d2da,EHT
"""1YYO3EtlzWzEoVH8dePTGx2QX6F""",d89a035e-b470-424d-ac70-a6dd43f08ef2,MST
"""1YdQJgEbGoXDxZsUskrbNPNvKFu""",401b9e43-587f-486a-b08a-782dfe30d2da,YLD
"""1Y5mAlYsLICicuMcdLmVnaf7CwX""",401b9e43-587f-486a-b08a-782dfe30d2da,MST
"""1YdQpIbZrsRl08LZOu5A2g0WFF0""",401b9e43-587f-486a-b08a-782dfe30d2da,EHT
"""1YdRKCr9jMpiXvxmIq8nAmuylNC""",d89a035e-b470-424d-ac70-a6dd43f08ef2,MST
"""1YdRWj5geeZSJOZOoLv19xzx2EH""",401b9e43-587f-486a-b08a-782dfe30d2da,SC
"""1YKGw9V5IrUDsFZaZyXGHFEBZTF""",ed391b1a-bf41-4cda-8636-427091d8213c,MST
"""1YeiAUNuDnTZAVaWtRUyWLwYQ2O""",d89a035e-b470-424d-ac70-a6dd43f08ef2,MST
"""1YeULkmzJ7TZBKOJhOEOMDGQ99h""",401b9e43-587f-486a-b08a-782dfe30d2da,YLD
"""1YdSOugliVa0NbeLWgI1AJnxUs7""",401b9e43-587f-486a-b08a-782dfe30d2da,HVPOP
"""1YdSWYmuNROJUfGJJ9eSZnrQ1yS""",401b9e43-587f-486a-b08a-782dfe30d2da,YLD
"""1XzCC0345E1xbf7960YBEhA5wzR""",401b9e43-587f-486a-b08a-782dfe30d2da,MST
"""1Y0ePbjERgputHcELdhVlNhYtgd""",30fcd3c8-3cf3-48c2-ae03-158b3090dec8,MST
"""1YdSdtOVZlpan7Cxe1LIzIj2t7m""",401b9e43-587f-486a-b08a-782dfe30d2da,EHT
"""1YdSnBpY6u8FxWdpyUhfwmr9B8W""",ed391b1a-bf41-4cda-8636-427091d8213c,MST
"""1YdSpEC0ZFOBzJUJqFHsSgpM1ej""",ed391b1a-bf41-4cda-8636-427091d8213c,EHT
"""1YdT7pPS8h85zoXzgYyTwcro5cF""",30fcd3c8-3cf3-48c2-ae03-158b3090dec8,YLD
"""1YdTJNWzZ4kKF0QQNiXlbDpwf7q""",401b9e43-587f-486a-b08a-782dfe30d2da,MST
"""1YdTRBu6W243RYeRFH0vhjPrG5y""",401b9e43-587f-486a-b08a-782dfe30d2da,EHT
"""1YdTZP9hDSbXjujhDmNdzLuO2up""",401b9e43-587f-486a-b08a-782dfe30d2da,EHT
"""1YdTjGAhLdwpbkUzAJ98pXuulIo""",401b9e43-587f-486a-b08a-782dfe30d2da,HVPOP
"""1YdTsp2aceRuazsB1nfaCojnt3m""",401b9e43-587f-486a-b08a-782dfe30d2da,YLD
"""1YdU3JazT5XXs60Uv9V1Oobv5v7""",401b9e43-587f-486a-b08a-782dfe30d2da,EHT
"""1YdUCi0CIgU1xiJACxUpUwWiTcC""",401b9e43-587f-486a-b08a-782dfe30d2da,MST
"""1YdUOM8oSNW3Pynt0Xe6s5wNGfn""",401b9e43-587f-486a-b08a-782dfe30d2da,HVPOP
"""1Y0TlhQaoa4iK8aWAoOc1FvZZOX""",ed391b1a-bf41-4cda-8636-427091d8213c,MST
"""1YdUXtgoB9RdMbFkbWLjZYWToMy""",ed391b1a-bf41-4cda-8636-427091d8213c,YLD
"""1YdUpB2RVUs1SAlACJ8LYIwlN3B""",401b9e43-587f-486a-b08a-782dfe30d2da,HVPOP
"""1XzCwejo8C1lF7HABcg6FjRHf2U""",401b9e43-587f-486a-b08a-782dfe30d2da,MST
"""1YdVI4hEjJDSg77wGWNG7j7hdrR""",401b9e43-587f-486a-b08a-782dfe30d2da,MST
"""1Y0cMuOjMiszqxyzzIi5qKakK5i""",401b9e43-587f-486a-b08a-782dfe30d2da,MST
"""1Y0abDOvcfRqSZXzsskERotggfO""",401b9e43-587f-486a-b08a-782dfe30d2da,MST
"""1YdVPRmaGyDQkpwc7ws93ducxpG""",401b9e43-587f-486a-b08a-782dfe30d2da,MST
"""1YdVnUdheGm2N4AZAzsMYuqV1mm""",30fcd3c8-3cf3-48c2-ae03-158b3090dec8,MST
"""1YdVy5Xzc1qkNbSVxD0X0q85Wlg""",401b9e43-587f-486a-b08a-782dfe30d2da,YLD
"""1YdW4axQ7nlNTTgVmjacr2S8t08""",ed391b1a-bf41-4cda-8636-427091d8213c,MST
"""1YdW6Y2xXYTdlznUpwSkEAbOJgY""",ed391b1a-bf41-4cda-8636-427091d8213c,EHT
,ed391b1a-bf41-4cda-8636-427091d8213c,MST
,401b9e43-587f-486a-b08a-782dfe30d2da,MST
"""1YdWWqdue980w3LRXAiqy6a5XdE""",ed391b1a-bf41-4cda-8636-427091d8213c,HVPOP
"""1YeiZF7gdVl7TknmYR6M452Tcxd""",ed391b1a-bf41-4cda-8636-427091d8213c,MST
"""1YejFOWDARVKnDwbZPD3zkcLiMX""",ed391b1a-bf41-4cda-8636-427091d8213c,YLD
"""1Yeioygi7FWRTkTQ6BNWhXM6YEU""",d89a035e-b470-424d-ac70-a6dd43f08ef2,GWT
,d89a035e-b470-424d-ac70-a6dd43f08ef2,MST
,ed391b1a-bf41-4cda-8636-427091d8213c,MST
"""1YdXKnVAMk4E5VvFVoe5Dw5xz1D""",401b9e43-587f-486a-b08a-782dfe30d2da,SC
"""1YdX7ekRJPnhW2XihQRofCuFbtj""",ed391b1a-bf41-4cda-8636-427091d8213c,YLD
"""1Y3TD2c28qCM8MLWrSKqCUhpwOB""",401b9e43-587f-486a-b08a-782dfe30d2da,MST
,d89a035e-b470-424d-ac70-a6dd43f08ef2,MST
"""1YdXapBUC0bCpbbIowF6bMT7jeo""",401b9e43-587f-486a-b08a-782dfe30d2da,HVPOP
"""1YdXjClCMLNewZTevKGbW7mLScF""",401b9e43-587f-486a-b08a-782dfe30d2da,MST
"""1YdXtRnIDUJdO4uIAM5OEX53F8W""",401b9e43-587f-486a-b08a-782dfe30d2da,SC
"""1YdYBPvdURz0TjZHmIrxrv9wvvh""",401b9e43-587f-486a-b08a-782dfe30d2da,SC
"""1YdWkGVU368NdzejGAr50sOGra3""",d89a035e-b470-424d-ac70-a6dd43f08ef2,MST
"""1YdYQsXg12SY9H36voJa1Sn231I""",401b9e43-587f-486a-b08a-782dfe30d2da,SC
"""1YdYfhtJWRmg0KnG0v7HgKpHqmK""",30fcd3c8-3cf3-48c2-ae03-158b3090dec8,MST
"""1YdYosrJaI9usQpFl6d4vTOePx2""",401b9e43-587f-486a-b08a-782dfe30d2da,MST
"""1YdYuewi2y6iI4m6KOMSoxSGuHb""",401b9e43-587f-486a-b08a-782dfe30d2da,MST
"""1YdZ51dh6pnRYVm7Mx70GXYjCM7""",401b9e43-587f-486a-b08a-782dfe30d2da,MST
"""1YdZDlKPBLJsSmkXxS2AWmxvtq4""",401b9e43-587f-486a-b08a-782dfe30d2da,HVPOP
"""1YdZLL32yLJhdE7BKixNJ1NhZVC""",401b9e43-587f-486a-b08a-782dfe30d2da,YLD
"""1YdZRe0fYoHyXEDkjTA1jjApz2Z""",401b9e43-587f-486a-b08a-782dfe30d2da,YLD
"""1YdZiYtEpjtLY3rQcXf4U5UhUEC""",30fcd3c8-3cf3-48c2-ae03-158b3090dec8,YLD
"""1YdZq1Gzr356A5R8UfkHoocBWIi""",401b9e43-587f-486a-b08a-782dfe30d2da,YLD
"""1Yda0s1NT6sVKDAtBXmH8rppRPh""",401b9e43-587f-486a-b08a-782dfe30d2da,HVPOP
"""1YdaXcOBVYtcGsn6Hb2U6V9NMH7""",401b9e43-587f-486a-b08a-782dfe30d2da,EHT
"""1Y3Tl0zRuB8REoaYbGz8ZblnWtY""",30fcd3c8-3cf3-48c2-ae03-158b3090dec8,MST
"""1Y4ukAidWn2PH6pA4ECiHfople8""",401b9e43-587f-486a-b08a-782dfe30d2da,MST
"""1YdaeKlOq0NVLJeEP2huUMX4cAB""",401b9e43-587f-486a-b08a-782dfe30d2da,HVPOP
"""1Y3RkHB9kZkHNhbjxkPrNVjXlxs""",401b9e43-587f-486a-b08a-782dfe30d2da,MST
"""1YJXPX16k7jnmpDTzBra6MDYI31""",d89a035e-b470-424d-ac70-a6dd43f08ef2,MST
"""1YejVVsc9pDgQyatIqbt0sOeQrR""",d89a035e-b470-424d-ac70-a6dd43f08ef2,TWT
"""1YeXQ0ppan6jEJ8xyKSgbthztVh""",401b9e43-587f-486a-b08a-782dfe30d2da,EHT
"""1YejXbsQv47hIPADIhFnUD1CDZZ""",ed391b1a-bf41-4cda-8636-427091d8213c,EHT
,401b9e43-587f-486a-b08a-782dfe30d2da,MST
"""1YdcRGo1GtgtUcnaZa6wfgDR2k8""",d89a035e-b470-424d-ac70-a6dd43f08ef2,GWT
"""1Ydd8nBODAO8GnWwPM0ydDcjKOL""",d89a035e-b470-424d-ac70-a6dd43f08ef2,GWT
"""1Ydbja4EC9h3Q6yl9KlxsM2L99A""",30fcd3c8-3cf3-48c2-ae03-158b3090dec8,MST
"""1YddeNfg0L3m48JONhfJjb7E43c""",401b9e43-587f-486a-b08a-782dfe30d2da,YLD
"""1YdcBPh8gC3yWllQIoaQfYH6BhP""",d89a035e-b470-424d-ac70-a6dd43f08ef2,TWT
"""1YdcsQ9PXAvagGJnAeXyziHl3I1""",401b9e43-587f-486a-b08a-782dfe30d2da,HVPOP
"""1Y4wQgMaiSNCntYnvCnD0j00EI2""",30fcd3c8-3cf3-48c2-ae03-158b3090dec8,MST
"""1YddRhMMw9P5hUeWa07JR2iUBsX""",401b9e43-587f-486a-b08a-782dfe30d2da,HVPOP
"""1Yde9aTH06zRMVTMqRkokj46gdX""",401b9e43-587f-486a-b08a-782dfe30d2da,YLD
,30fcd3c8-3cf3-48c2-ae03-158b3090dec8,MST
"""1YYWf8SSDjF2xvbOa1BfVkIOU6d""",401b9e43-587f-486a-b08a-782dfe30d2da,MST
"""1YddIfoBLDLxbqjcxsAAHIaJqNb""",401b9e43-587f-486a-b08a-782dfe30d2da,SC
"""1Y4wmYfGOhFcD5H6cgP8J3LLjdt""",401b9e43-587f-486a-b08a-782dfe30d2da,MST
"""1YdfJdirWApef6wfSd05Wm2ZMgz""",30fcd3c8-3cf3-48c2-ae03-158b3090dec8,MST
"""1YddqdzO3MFuwM9Dy0cChXW75fj""",401b9e43-587f-486a-b08a-782dfe30d2da,SC
"""1Ydb0efYJiUoF2cWr2L0XMaLQRQ""",401b9e43-587f-486a-b08a-782dfe30d2da,EHT
,d89a035e-b470-424d-ac70-a6dd43f08ef2,MST
"""1YdbwTQ3zx5YCq9awTqtJ0S3SQO""",d89a035e-b470-424d-ac70-a6dd43f08ef2,GWT
"""1Ydf1YKwhbgscPfTV6mcQoN0SGQ""",401b9e43-587f-486a-b08a-782dfe30d2da,EHT
"""1YdesxVBdXIXc8dk3irCNwV1Dg8""",401b9e43-587f-486a-b08a-782dfe30d2da,EHT
"""1YdejxwjfgSw1zUsZza03ULRJKj""",401b9e43-587f-486a-b08a-782dfe30d2da,SC
"""1YejkyyJa0Yms0u4vgBLZCeT4LQ""",d89a035e-b470-424d-ac70-a6dd43f08ef2,YLD
"""1Ydm8BatRr8sAjXJZjHNcajvG8K""",30fcd3c8-3cf3-48c2-ae03-158b3090dec8,MST
"""1YKGpnvCkwxIcvwHYIlgvLgXbqV""",d89a035e-b470-424d-ac70-a6dd43f08ef2,MST
"""1YdfiiPGsfueo1JyclbqwbZ8B1y""",d89a035e-b470-424d-ac70-a6dd43f08ef2,TWT
"""1YdfpVGyMxy8iIiDRjQr7D4zivi""",401b9e43-587f-486a-b08a-782dfe30d2da,HVPOP
"""1Ydg7fMWn39mye4PqES1WfkffoO""",d89a035e-b470-424d-ac70-a6dd43f08ef2,MST
"""1YdgJstD1NXFKvM5vV7y1SRu3Hq""",d89a035e-b470-424d-ac70-a6dd43f08ef2,MST
"""1Ydgl9C1L44FvxmIDrRPPR9ODNg""",d89a035e-b470-424d-ac70-a6dd43f08ef2,GWT
"""1YdguJeNak3g28LvZ4elpy7mh3m""",401b9e43-587f-486a-b08a-782dfe30d2da,YLD
"""1YdgxYWKv7D69NWvjZQfGiaVICh""",ed391b1a-bf41-4cda-8636-427091d8213c,HVPOP
"""1Ydh3DWfDyhTgwiLM1Ry95w7RMw""",401b9e43-587f-486a-b08a-782dfe30d2da,YLD
"""1Ydha5PbxmCNzYp9xLaFBEfqSl6""",d89a035e-b470-424d-ac70-a6dd43f08ef2,MST
"""1YNEKIIpcJUpwr4SMeFj9Rh5eKr""",30fcd3c8-3cf3-48c2-ae03-158b3090dec8,MST
"""1Ydhr8DDfk5FqMzj65o31odUszH""",401b9e43-587f-486a-b08a-782dfe30d2da,SC
"""1YdiEb6Qibn9Sg01RwcfaRWrYLn""",401b9e43-587f-486a-b08a-782dfe30d2da,MST
"""1YdiNvHD0FGph0zELDb8yERlun9""",401b9e43-587f-486a-b08a-782dfe30d2da,HVPOP
"""1YdihnpOqtbhGOO48ZnxhLWFyWz""",401b9e43-587f-486a-b08a-782dfe30d2da,MST
"""1YN5BTDcJR6FsBwR1eFwEOK5FVi""",d89a035e-b470-424d-ac70-a6dd43f08ef2,MST
"""1YdiwssUs5i5QWCIC1UY7iVf194""",30fcd3c8-3cf3-48c2-ae03-158b3090dec8,YLD
"""1YdjE48jE1aCYj2IHo3Y5nLrqT6""",d89a035e-b470-424d-ac70-a6dd43f08ef2,GWT
"""1YdjR2u4v7hsy42IbozFnkLiCpS""",d89a035e-b470-424d-ac70-a6dd43f08ef2,GWT
"""1YdjiphMMOHG0fDB2u9XDrHl5wO""",d89a035e-b470-424d-ac70-a6dd43f08ef2,YLD
"""1YdjzOvzEDWn4zGJf7HWGh9JHFM""",30fcd3c8-3cf3-48c2-ae03-158b3090dec8,YLD
"""1Ydk5SmF1xyRWgb7HEPzledpi2n""",ed391b1a-bf41-4cda-8636-427091d8213c,YLD
"""1YdkKzYIytc7gdxM417EYtl6ePN""",401b9e43-587f-486a-b08a-782dfe30d2da,SC
"""1YdkiW0wtGVmS8h2TmYvQUhIDuS""",401b9e43-587f-486a-b08a-782dfe30d2da,MST
"""1Y5m3ZqmJr5TzgsOKjtHaGwi0mj""",401b9e43-587f-486a-b08a-782dfe30d2da,MST
"""1Ydl0NKMUqkk934M2BdoYZqtJsq""",ed391b1a-bf41-4cda-8636-427091d8213c,MST
"""1Ydl9YxGqf0xez6N3IoYTzF1pR4""",401b9e43-587f-486a-b08a-782dfe30d2da,EHT
"""1YdlCVAkh4hRxLLnNY7NEzz1WiQ""",ed391b1a-bf41-4cda-8636-427091d8213c,HVPOP
"""1YdlRh7fMP1Cffp07BkGVYsDIQ1""",401b9e43-587f-486a-b08a-782dfe30d2da,SC
"""1YdlgPUfHaX6woaATcPIJfeL3Qq""",401b9e43-587f-486a-b08a-782dfe30d2da,SC
"""1YdlibCOpfmnlLy1mErsUwL2agW""",ed391b1a-bf41-4cda-8636-427091d8213c,EHT
"""1YdmXLoj4sCJ1SQjbAno0l0DwIo""",401b9e43-587f-486a-b08a-782dfe30d2da,EHT
"""1YdmqOFWCrIH2yoCBaUw3D063Q9""",401b9e43-587f-486a-b08a-782dfe30d2da,MST
"""1Y67iMsf2kkqNNNRDvUlD7sfNSc""",ed391b1a-bf41-4cda-8636-427091d8213c,MST
"""1YdnFTC1B28YnQn0ADT4dU7rLZL""",401b9e43-587f-486a-b08a-782dfe30d2da,SC
"""1Ydnm1ik2VJsjaQn4LFNjgGgIGP""",401b9e43-587f-486a-b08a-782dfe30d2da,SC
"""1Y6IXvRmL6QDfmuJ1PbtnMmk8bM""",30fcd3c8-3cf3-48c2-ae03-158b3090dec8,MST
"""1YdoAsKnnf5yBQlLqZL4yCHlO0k""",30fcd3c8-3cf3-48c2-ae03-158b3090dec8,YLD
"""1YdoJtvCfhWiM5PQ3R6bSyc3ftf""",401b9e43-587f-486a-b08a-782dfe30d2da,YLD
"""1YdoRuQAFpVSVfanxNTc9WIQJ1Q""",401b9e43-587f-486a-b08a-782dfe30d2da,YLD
"""1YdocygYoLjQ3w4X9fzrVh75NzP""",401b9e43-587f-486a-b08a-782dfe30d2da,HVPOP
"""1YdosUQbIYr7euat7zC8swalUz0""",401b9e43-587f-486a-b08a-782dfe30d2da,SC
"""1Ydp8Su3uLXFnJW6hUBrbRDy35M""",30fcd3c8-3cf3-48c2-ae03-158b3090dec8,MST
"""1YdpUIR80hXhoOASsC4RMlAzy1S""",401b9e43-587f-486a-b08a-782dfe30d2da,EHT
"""1Ydq3PCEATV2W8mrasi90tc6xQE""",30fcd3c8-3cf3-48c2-ae03-158b3090dec8,YLD
"""1Y6tKpwxmyKSidI7wEiII5072Dj""",30fcd3c8-3cf3-48c2-ae03-158b3090dec8,MST
"""1Ydq5eIHs5wsmzN6OtQHe04eeeq""",ed391b1a-bf41-4cda-8636-427091d8213c,EHT
"""1Ydq8lOiQUsDqxdSd2UR7uWcZSK""",ed391b1a-bf41-4cda-8636-427091d8213c,HVPOP
"""1YdqI4pOvLIy9cZrv83XKg1nJkN""",401b9e43-587f-486a-b08a-782dfe30d2da,EHT
"""1YdqozwiDqVYaB2l4ycrZZmPskT""",401b9e43-587f-486a-b08a-782dfe30d2da,MST
"""1Y851VMTjn2GXDxt6WpqXntJmIR""",401b9e43-587f-486a-b08a-782dfe30d2da,MST
"""1Ydr2F2ZojpCmh4gTTMrApHeZff""",401b9e43-587f-486a-b08a-782dfe30d2da,SC
"""1YdrGnpGyT6qEDjqJ7SJsBHiCuH""",401b9e43-587f-486a-b08a-782dfe30d2da,SC
"""1YdrW4z3wM5fNQgmKhUYT1K9wov""",401b9e43-587f-486a-b08a-782dfe30d2da,SC
"""1YdrlMqFUBHYM99KPUATgSf7OId""",401b9e43-587f-486a-b08a-782dfe30d2da,SC
"""1Yds2Qxtb3f7lEsrOqdnsOVk6Hj""",401b9e43-587f-486a-b08a-782dfe30d2da,SC
"""1Yds5fE87BU5TuEPZiAZs7Xv86I""",ed391b1a-bf41-4cda-8636-427091d8213c,MST
"""1YdsFSjN1w3V5EaVnByz9RMXhMu""",401b9e43-587f-486a-b08a-782dfe30d2da,MST
"""1YdsOdZ5lgXOzOhueXTHmLTEkDZ""",401b9e43-587f-486a-b08a-782dfe30d2da,MST
"""1Ydsjeyy65YJCQ8Vm2DReERHrQK""",30fcd3c8-3cf3-48c2-ae03-158b3090dec8,MST
"""1YdsrGR7mrHHKsUfBN7BqYliRrB""",401b9e43-587f-486a-b08a-782dfe30d2da,EHT
"""1YdsxIcPOm9NjYkEDORLIbfDxFk""",401b9e43-587f-486a-b08a-782dfe30d2da,EHT
"""1YdtCmtTpnrtPhFOS91DY4atP4M""",401b9e43-587f-486a-b08a-782dfe30d2da,SC
,d89a035e-b470-424d-ac70-a6dd43f08ef2,MST
"""1YdtgTYYeRIoa4xL4egeKQa9g3i""",401b9e43-587f-486a-b08a-782dfe30d2da,MST
"""1Ydtt8ZagrfgHMO978EPFcyTQmT""",401b9e43-587f-486a-b08a-782dfe30d2da,YLD
"""1Ydu1vFCxDZUxPYgZxF5nqMsmHu""",401b9e43-587f-486a-b08a-782dfe30d2da,EHT
"""1Ydu7qSXZxiaqnuvDbAtcJSuDJL""",401b9e43-587f-486a-b08a-782dfe30d2da,HVPOP
"""1YduQEss6FZLJZVaTvwyz7ssGWj""",401b9e43-587f-486a-b08a-782dfe30d2da,MST
"""1Y89i3j5FVlcEiLuFtUJyTP48xZ""",ed391b1a-bf41-4cda-8636-427091d8213c,MST
"""1Ydv10kGJqlGOJ2HPIgZSekVnY4""",401b9e43-587f-486a-b08a-782dfe30d2da,SC
"""1Y8BxiLX2HOhzNsrygxmXUVqz1m""",401b9e43-587f-486a-b08a-782dfe30d2da,MST
"""1Ydv9aL3mTp6h6dhROmn5zQook9""",401b9e43-587f-486a-b08a-782dfe30d2da,HVPOP
"""1YdvHBbqKBLple7RhSFIk6IOvo8""",401b9e43-587f-486a-b08a-782dfe30d2da,YLD
"""1YdvN8DiDCgrLMSMytJawq1YVOU""",ed391b1a-bf41-4cda-8636-427091d8213c,MST
"""1Ydvcid076yx0qwfOqExoZj1Fes""",401b9e43-587f-486a-b08a-782dfe30d2da,SC
"""1Ydvz7B34tB7YRSSOm2rIceCidO""",401b9e43-587f-486a-b08a-782dfe30d2da,SC
"""1Ydw5cKtitCun8zr3qLuGpDC7Df""",401b9e43-587f-486a-b08a-782dfe30d2da,MST
"""1YdwCfoRLPnVogqs3WPpJEcW7zI""",401b9e43-587f-486a-b08a-782dfe30d2da,EHT
"""1YdwMLYZpkAxGuu6LJfPQT9xXrV""",ed391b1a-bf41-4cda-8636-427091d8213c,YLD
"""1YdwOEtenBG70XxcMp9u4kEb81a""",ed391b1a-bf41-4cda-8636-427091d8213c,EHT
"""1YdwUadYGcpu5pyf3JPn1D50hBi""",ed391b1a-bf41-4cda-8636-427091d8213c,MST
"""1Ydws0tpJD89XAJvkadEXB7tJnf""",401b9e43-587f-486a-b08a-782dfe30d2da,SC
"""1Y96tSgb1f17DzMsyNTZV8Moz1x""",401b9e43-587f-486a-b08a-782dfe30d2da,MST
"""1Ydwu7Fjdat0vwHpIdZTVtxIDCi""",ed391b1a-bf41-4cda-8636-427091d8213c,HVPOP
"""1YdxIuNv1nZtbhip3dbtVs1rbz8""",401b9e43-587f-486a-b08a-782dfe30d2da,SC
"""1YdxLwBKAFooww2qQMLxu791s5f""",ed391b1a-bf41-4cda-8636-427091d8213c,YLD
"""1YdxeJjT80NLnuYvaWrwyW4pet8""",401b9e43-587f-486a-b08a-782dfe30d2da,EHT
"""1Y93hgaAyZGefXPceD9d7xMiTi8""",401b9e43-587f-486a-b08a-782dfe30d2da,MST
"""1YdxwcgyUSqcOiFZZagOPFLxnbl""",30fcd3c8-3cf3-48c2-ae03-158b3090dec8,MST
"""1Ydy8EHeq7w1xiGEtaJ1V9ieeiP""",401b9e43-587f-486a-b08a-782dfe30d2da,YLD
"""1YdyKgZ9c5iVbko38WPNgVhu1r4""",401b9e43-587f-486a-b08a-782dfe30d2da,SC
"""1YdybzKG5jLhlQds9L33DS6i76J""",401b9e43-587f-486a-b08a-782dfe30d2da,HVPOP
"""1Ydyusutil9dauPxuqLSGoYbISZ""",30fcd3c8-3cf3-48c2-ae03-158b3090dec8,YLD
"""1Ydz0dZHB9aqrlbvKtbZp7pDgw2""",401b9e43-587f-486a-b08a-782dfe30d2da,MST
"""1YdzFZA78hbC2AVSsaY8ySr1R6P""",ed391b1a-bf41-4cda-8636-427091d8213c,EHT
"""1YdzmsZH7GKz5xf4V6vvhskavtY""",ed391b1a-bf41-4cda-8636-427091d8213c,HVPOP
"""1YBm1pujC6Zrq3Zq42Dyr11GPei""",ed391b1a-bf41-4cda-8636-427091d8213c,MST
"""1Ye01QSrXEPmmw0lPOI6Gik94K4""",401b9e43-587f-486a-b08a-782dfe30d2da,SC
"""1Ye0DLX0DFNCTYmHtHwr4w0mRIo""",401b9e43-587f-486a-b08a-782dfe30d2da,SC
"""1Ye0N3tAApd4TtOyTwfko5nuwtC""",401b9e43-587f-486a-b08a-782dfe30d2da,HVPOP
"""1Ye0VC9Meqh2GwRxzuVXYekJuDV""",401b9e43-587f-486a-b08a-782dfe30d2da,EHT
"""1Ye0jLZD8B8es74El9Ha4ljZOYJ""",401b9e43-587f-486a-b08a-782dfe30d2da,SC
"""1Ye11vipmH4J7LYyRcliK0BdJHT""",401b9e43-587f-486a-b08a-782dfe30d2da,SC
"""1Ye1I4J96rah7XD1mVP3nWqJQzr""",401b9e43-587f-486a-b08a-782dfe30d2da,MST
"""1Ye1V2Ay8RyPOyxRb7NdhyyYnkb""",d89a035e-b470-424d-ac70-a6dd43f08ef2,TWT
"""1Ye1jEibkxJf3pYVwkYoCg2SisT""",401b9e43-587f-486a-b08a-782dfe30d2da,SC
"""1Ye1vUWHruovy574TZHbCttvSKz""",401b9e43-587f-486a-b08a-782dfe30d2da,HVPOP
"""1Ye2H4D0vWaSTRp7FnRoGBIH5Kg""",30fcd3c8-3cf3-48c2-ae03-158b3090dec8,MST
"""1Ye2YCxyHy56iINFW1GfP066ZbF""",ed391b1a-bf41-4cda-8636-427091d8213c,EHT
"""1YJTioCDYcA9b4a0s6qTsGYL55X""",d89a035e-b470-424d-ac70-a6dd43f08ef2,MST
"""1Ye2fWaKu3LNPbaQBSjhZRkYivu""",401b9e43-587f-486a-b08a-782dfe30d2da,MST
"""1Ye31OfMeNS19AsMJLsmVDM8Z91""",30fcd3c8-3cf3-48c2-ae03-158b3090dec8,MST
"""1Ye3WR7tbdMTOfK63HvFtGVqAb6""",d89a035e-b470-424d-ac70-a6dd43f08ef2,GWT
"""1Ye3nWt0zbTPsZxKjZ9T83HJt3S""",30fcd3c8-3cf3-48c2-ae03-158b3090dec8,MST
"""1Ye46Zqfi63sGDtxMEIMrJDztnJ""",d89a035e-b470-424d-ac70-a6dd43f08ef2,TWT
"""1Ye4cDGlX8PA8S8jQOUYPEjc5ZA""",d89a035e-b470-424d-ac70-a6dd43f08ef2,GWT
"""1YKQTp31gSNXCj6PLK6N947IFjP""",30fcd3c8-3cf3-48c2-ae03-158b3090dec8,MST
"""1Ye4rY5RRnO31A6wjLzoZsBBIj4""",401b9e43-587f-486a-b08a-782dfe30d2da,SC
"""1Ye50PTVAUwXrX9Y3aulW3tGiff""",401b9e43-587f-486a-b08a-782dfe30d2da,EHT
"""1Ye5COq3gbiRD5fzXJ6gVcK4qCJ""",d89a035e-b470-424d-ac70-a6dd43f08ef2,GWT
"""1Ye5VaMwwQUsOTcaMOXVfPHH1NI""",d89a035e-b470-424d-ac70-a6dd43f08ef2,GWT
"""1Ye5ydmWyzjiBem3cuHhEWVgciC""",d89a035e-b470-424d-ac70-a6dd43f08ef2,GWT
"""1Ye6QSecO8Cqq7w3J3hFqaPVKLd""",d89a035e-b470-424d-ac70-a6dd43f08ef2,TWT
"""1YKOweXsg5793dv3B0loxbz3ABZ""",401b9e43-587f-486a-b08a-782dfe30d2da,MST
"""1Ye6ghiGs7nJ8CmTWK3O3MS3AiP""",d89a035e-b470-424d-ac70-a6dd43f08ef2,YLD
"""1Ye7AnArqD3GnyT1iw1GGZCpduH""",ed391b1a-bf41-4cda-8636-427091d8213c,EHT
"""1Ye7P7cZRxBlx6DtN27Z6Yj9k6W""",ed391b1a-bf41-4cda-8636-427091d8213c,YLD
"""1YN74lUebmezdavnUYG6ZJmZ3Sm""",ed391b1a-bf41-4cda-8636-427091d8213c,MST
"""1Ye7Usto2xhpCGpC6ZyP0kIx5Yf""",401b9e43-587f-486a-b08a-782dfe30d2da,MST
"""1Ye7nGfA1yEzV32Wg5IRaobgXSg""",401b9e43-587f-486a-b08a-782dfe30d2da,SC
"""1Ye7tNCVf0KQJ2hQWt1gGFHOIx6""",401b9e43-587f-486a-b08a-782dfe30d2da,YLD
"""1Ye80dmKpkfP107advZRXjoHGMR""",401b9e43-587f-486a-b08a-782dfe30d2da,HVPOP
"""1Ye8KpYwvehK1qDXjqHJFGcqXqr""",30fcd3c8-3cf3-48c2-ae03-158b3090dec8,YLD
"""1Ye90aNzTm7eAVhA4VQurKopqxF""",401b9e43-587f-486a-b08a-782dfe30d2da,SC
"""1YBwpSh0Fe78qeNPtxc0NOhk1bB""",401b9e43-587f-486a-b08a-782dfe30d2da,MST
"""1YEbdHbzvPFhi7185hsQ7Qeofwn""",ed391b1a-bf41-4cda-8636-427091d8213c,MST
"""1Ye9Je1PHN71QjI7GCrhGBDaVqG""",401b9e43-587f-486a-b08a-782dfe30d2da,EHT
"""1Ye9cpJeoMygCwHtX4ko76Ra50h""",30fcd3c8-3cf3-48c2-ae03-158b3090dec8,MST
"""1Ye9m3ND18LkCvqI2S0otjPxey7""",401b9e43-587f-486a-b08a-782dfe30d2da,EHT
"""1Ye9p6FBtMXfcXdh8w5vstYxAbv""",ed391b1a-bf41-4cda-8636-427091d8213c,YLD
"""1YeAGjxJhAMBbPN2EDp9Y2IGz6t""",ed391b1a-bf41-4cda-8636-427091d8213c,MST
"""1YeAPXgeLFTRczCLx27BPJh8vhx""",401b9e43-587f-486a-b08a-782dfe30d2da,EHT
"""1YeAX6J8VhUp9EpECjFNsIjrXLq""",401b9e43-587f-486a-b08a-782dfe30d2da,MST
"""1YeAei1ahsUNYdGp99tlUdGoNiC""",401b9e43-587f-486a-b08a-782dfe30d2da,YLD
"""1YeAnmDHduZpbAaFOdRmn6S8rmm""",401b9e43-587f-486a-b08a-782dfe30d2da,MST
"""1YeAr9ZjDPGBDdrZhqt0XaKT3pE""",ed391b1a-bf41-4cda-8636-427091d8213c,HVPOP
"""1YeAtEBlZYx0IE0cos5m01CvsYv""",ed391b1a-bf41-4cda-8636-427091d8213c,EHT
"""1YeB6lcVHbKazdAuyAXvs9tNggK""",30fcd3c8-3cf3-48c2-ae03-158b3090dec8,YLD
"""1YeBV2ukeOUAHO95W4FebIXO73z""",401b9e43-587f-486a-b08a-782dfe30d2da,SC
"""1YEjisSyvxpct1AFjndHAFYPCXY""",401b9e43-587f-486a-b08a-782dfe30d2da,MST
"""1YeBi91AvETM0QAbnL4Fx3K8Aoj""",401b9e43-587f-486a-b08a-782dfe30d2da,SC
"""1YeBpSE5AzJXrC4ox1DamKKEed8""",401b9e43-587f-486a-b08a-782dfe30d2da,HVPOP
"""1YeCVO0YdEwQX5f3kFbh14iQ2YP""",401b9e43-587f-486a-b08a-782dfe30d2da,YLD
"""1YElMRmKwVVrBk3ibkZCOirEYyu""",401b9e43-587f-486a-b08a-782dfe30d2da,MST
"""1YeCYpfcsD1gRuAfOUAQZpfSNOt""",ed391b1a-bf41-4cda-8636-427091d8213c,EHT
"""1YeCcH2JRBDmKTZSlAgpHUgfoOJ""",ed391b1a-bf41-4cda-8636-427091d8213c,MST
"""1YeCqxWp297HuZOuwCm6OHQwuW2""",ed391b1a-bf41-4cda-8636-427091d8213c,YLD
"""1YeD3T9L3kdWd2YYTFCVuflnTFN""",401b9e43-587f-486a-b08a-782dfe30d2da,SC
"""1YeD6jDM2prnEObp1PSS44g5JWD""",ed391b1a-bf41-4cda-8636-427091d8213c,HVPOP
"""1YeDJK65FAJNZIpP039lyd3eaNn""",401b9e43-587f-486a-b08a-782dfe30d2da,SC
"""1YeDX1T5imsiKYIRGp7IMN5mZgQ""",d89a035e-b470-424d-ac70-a6dd43f08ef2,YLD
"""1YeDYzT3hTvscbSbpf6lM6AWzlo""",ed391b1a-bf41-4cda-8636-427091d8213c,HVPOP
"""1YeDp8sozJgbbwGavchX2o1MzDV""",401b9e43-587f-486a-b08a-782dfe30d2da,SC
"""1YeDxIGvS0KvsynOybcwWDu0V9G""",ed391b1a-bf41-4cda-8636-427091d8213c,MST
"""1YeEONvFPMBqYx0FK3FBtRyge9p""",401b9e43-587f-486a-b08a-782dfe30d2da,EHT
"""1YHaQGr65ECIKDbaIj6AS7uTrKh""",30fcd3c8-3cf3-48c2-ae03-158b3090dec8,MST
"""1YeEdtwvASMYRGbz9khCxTVh0Yf""",d89a035e-b470-424d-ac70-a6dd43f08ef2,YLD
"""1YeEtUhoVBcgD9Vq3umgQPBojLm""",d89a035e-b470-424d-ac70-a6dd43f08ef2,GWT
"""1YeFAIwSkPVwZSGpReI5E6DWzbV""",d89a035e-b470-424d-ac70-a6dd43f08ef2,GWT
"""1YeFLbscShXRKKbvx4NhJ1VkilD""",401b9e43-587f-486a-b08a-782dfe30d2da,HVPOP
"""1YeFSOls7Kjgz5Tnn8rWF0HEcRR""",401b9e43-587f-486a-b08a-782dfe30d2da,MST
"""1YeFXzqu6NuJSTWaZo2tCYxk0LW""",401b9e43-587f-486a-b08a-782dfe30d2da,EHT
"""1YeFiCVYO1moK2G1XXrfNc9b9Rm""",401b9e43-587f-486a-b08a-782dfe30d2da,HVPOP
"""1YeFuiKQ0AVCK1GtwB5CKbP06nJ""",d89a035e-b470-424d-ac70-a6dd43f08ef2,YLD
"""1YeG127LlVMUHVPI8M35je7r5tT""",ed391b1a-bf41-4cda-8636-427091d8213c,MST
"""1YeGLN4i4WmzWZIJ9fNyDQX7wdA""",30fcd3c8-3cf3-48c2-ae03-158b3090dec8,YLD
"""1YeGZH9AVfFp6yCaUjuvOwPakEv""",401b9e43-587f-486a-b08a-782dfe30d2da,EHT
"""1YeGpBCGs4TBWvA0mREoZdf3w9P""",401b9e43-587f-486a-b08a-782dfe30d2da,SC
"""1YeH4ImFGSuIFSxG0QfigTXEYCD""",30fcd3c8-3cf3-48c2-ae03-158b3090dec8,MST
"""1YeHAQkVr4HzJCMKkDJdp1wQS9X""",401b9e43-587f-486a-b08a-782dfe30d2da,YLD
"""1YeHOXIXGNBkyC7ICiBgcNFMk6e""",401b9e43-587f-486a-b08a-782dfe30d2da,SC
"""1YeHj79iP8DmO4sT8ZwZnzaaDxF""",401b9e43-587f-486a-b08a-782dfe30d2da,EHT
"""1YeHxADoXTCFTnE4FlHTxciPHdJ""",ed391b1a-bf41-4cda-8636-427091d8213c,MST
"""1YNFiLyqt4bV3b5rnGl7JRO81Jq""",401b9e43-587f-486a-b08a-782dfe30d2da,MST
"""1YeI0ShRpjGnJY7x3oTqDs3p5QR""",ed391b1a-bf41-4cda-8636-427091d8213c,EHT
"""1YeIDGgo9Sk171Oz5OGfAzpP3bA""",d89a035e-b470-424d-ac70-a6dd43f08ef2,TWT
"""1YeImPmw3lIXttBuRHXYlnSumJJ""",401b9e43-587f-486a-b08a-782dfe30d2da,SC
"""1YeIsT80Ns3pKLZzXcTHGPapzRf""",401b9e43-587f-486a-b08a-782dfe30d2da,YLD
"""1YeaBr9cF3j4V9L5BnnHkilXSz2""",401b9e43-587f-486a-b08a-782dfe30d2da,SC
"""1YeJFp8PpZxrGmqikfStpY8GoqQ""",d89a035e-b470-424d-ac70-a6dd43f08ef2,GWT
"""1YeJRzIXpQexlQuD1EThioiN19R""",401b9e43-587f-486a-b08a-782dfe30d2da,EHT
"""1YeJppbXLnWTCduwx3aGNiD1Bm6""",30fcd3c8-3cf3-48c2-ae03-158b3090dec8,MST
"""1YeJyAVJMyWSDXeBc0mVaBqtbVL""",401b9e43-587f-486a-b08a-782dfe30d2da,EHT
"""1YeK7ZLLoF7W09ZauYY1eho3pah""",401b9e43-587f-486a-b08a-782dfe30d2da,SC
"""1YeKJZZcrYs1MoZVTJRUoZYdAvi""",401b9e43-587f-486a-b08a-782dfe30d2da,HVPOP
"""1YeKPYA3ZJuiKZCEaTrdf6Zdpcf""",401b9e43-587f-486a-b08a-782dfe30d2da,YLD
"""1YeKtD8psoUfMwmonKyu1P7aU1E""",401b9e43-587f-486a-b08a-782dfe30d2da,SC
"""1YeL8dQGKA8T8c7QDLlk19T7VhR""",401b9e43-587f-486a-b08a-782dfe30d2da,SC
"""1YeLTWYftB7PvdvIVrK0HyrtTQt""",401b9e43-587f-486a-b08a-782dfe30d2da,MST
"""1YQ3gHi1bY1FcgZhQk3dfCU3TOE""",401b9e43-587f-486a-b08a-782dfe30d2da,MST
"""1YeM3cCJ5v1nOKLNLMM6C7SItqy""",d89a035e-b470-424d-ac70-a6dd43f08ef2,TWT
"""1YeMLEdjUNNEpXtfRUlQq5JIC67""",30fcd3c8-3cf3-48c2-ae03-158b3090dec8,YLD
"""1YeMpWvAVosBGkpDgArKm4IB1S1""",d89a035e-b470-424d-ac70-a6dd43f08ef2,MST
"""1YeMUSKXF0B7LcIgxnPS5Ratby7""",401b9e43-587f-486a-b08a-782dfe30d2da,HVPOP
"""1YeNEgeu4VWanr2jOOK9Y0wPoHl""",401b9e43-587f-486a-b08a-782dfe30d2da,SC
"""1YSq4aiPx4D3VCP7dxn3GzjSi2k""",401b9e43-587f-486a-b08a-782dfe30d2da,MST
"""1YeNUYFxFBhyUDsweXEUZPOBZF2""",d89a035e-b470-424d-ac70-a6dd43f08ef2,GWT
"""1YeNdCf6dEhVwYB7qvJ118JuoBI""",401b9e43-587f-486a-b08a-782dfe30d2da,EHT
"""1YeNrv68OOlUJJrcFIW02yXPJ6g""",401b9e43-587f-486a-b08a-782dfe30d2da,SC
"""1YeNuyXcSk4oFVg76CnnBXRFMYm""",ed391b1a-bf41-4cda-8636-427091d8213c,MST
"""1YeO7AnIwhFB8vWcHiNUDt8FLNi""",401b9e43-587f-486a-b08a-782dfe30d2da,SC
"""1YeOKHnYUxy7DHw9Ik5NCXrFSMj""",401b9e43-587f-486a-b08a-782dfe30d2da,MST
"""1YeOaIfcxBqf865Zn3HMu8PFLYx""",401b9e43-587f-486a-b08a-782dfe30d2da,HVPOP
"""1YeP1EuyKi38Zj4LN2ZqN3y5jg5""",401b9e43-587f-486a-b08a-782dfe30d2da,SC
"""1YSryBNaVZxQ1ITK8bOCLBzStTS""",401b9e43-587f-486a-b08a-782dfe30d2da,MST
"""1YePa57hpn6hhg5mCqYVsLz2xjq""",401b9e43-587f-486a-b08a-782dfe30d2da,SC
"""1YePuCrmjlMyDcA8z6EsImDWdG2""",401b9e43-587f-486a-b08a-782dfe30d2da,SC
"""1YVg2dXdDSmBkKOxvaeIUDuglCX""",401b9e43-587f-486a-b08a-782dfe30d2da,MST
"""1YeQDvWP6dufNHLXhx0LMSxztKE""",401b9e43-587f-486a-b08a-782dfe30d2da,MST
"""1YeQQHcIpDhLq13fNPN5l1WBKOb""",d89a035e-b470-424d-ac70-a6dd43f08ef2,GWT
"""1YeR3ngZoW2P4FwzXqx9LFUapQi""",401b9e43-587f-486a-b08a-782dfe30d2da,SC
"""1YeRHnc3Fo1hCOoNcADJY4rbpMA""",d89a035e-b470-424d-ac70-a6dd43f08ef2,MST
"""1YeROpc8zlzxxPYsTo1NH7RRVgu""",401b9e43-587f-486a-b08a-782dfe30d2da,YLD
"""1YeRccCT0AFrdAkV7nt60T55ru8""",401b9e43-587f-486a-b08a-782dfe30d2da,SC
"""1YeRvR5q4MjzQGDHggcgbKhtBdu""",d89a035e-b470-424d-ac70-a6dd43f08ef2,YLD
"""1YeRyzuuVwFB0cUlLHevEEEcORg""",ed391b1a-bf41-4cda-8636-427091d8213c,MST
"""1YeS7qPydnFGtY7NN5TzsAvdbWr""",401b9e43-587f-486a-b08a-782dfe30d2da,HVPOP
"""1YeSMgTEOvmOX8yWczo5F8y95j5""",d89a035e-b470-424d-ac70-a6dd43f08ef2,GWT
"""1YeSmhdxRTy0VUFVHN2HfRJ3Znv""",401b9e43-587f-486a-b08a-782dfe30d2da,MST
"""1YeStSyMZ1emzL3578Gb6Mze0fE""",401b9e43-587f-486a-b08a-782dfe30d2da,EHT
"""1YeT7vWuO1OX5XJTK24jUdrD73I""",d89a035e-b470-424d-ac70-a6dd43f08ef2,TWT
"""1YeTA4zjjnB5u7xWrwQceJdMPib""",ed391b1a-bf41-4cda-8636-427091d8213c,EHT
"""1YeTNJBGOxTYrmqhHF3jFnNBUSR""",401b9e43-587f-486a-b08a-782dfe30d2da,SC
"""1YeTeMATjg2GdoWU8S7ijfzpGYC""",401b9e43-587f-486a-b08a-782dfe30d2da,HVPOP
"""1YeTWEs3KPyaZX3vBr6ML70jkEk""",401b9e43-587f-486a-b08a-782dfe30d2da,EHT
"""1YeTmZDNHmW23CB3H6aPeWZfGNS""",401b9e43-587f-486a-b08a-782dfe30d2da,HVPOP
"""1YeUFnDkKf2DxxALJij8FSxiYRh""",30fcd3c8-3cf3-48c2-ae03-158b3090dec8,MST
"""1YViz68fTxTfdkL7mlCDwKqtO0n""",401b9e43-587f-486a-b08a-782dfe30d2da,MST
"""1YeUXewvTf8BO5VOIX6JGiVWRTm""",30fcd3c8-3cf3-48c2-ae03-158b3090dec8,YLD
"""1YeUiTVc5tOtREyBz8tGJifLx8M""",401b9e43-587f-486a-b08a-782dfe30d2da,YLD
"""1YeV1LPlhw4jze1l7c6mdJTBUNy""",d89a035e-b470-424d-ac70-a6dd43f08ef2,MST
"""1YeVDxAEQdh7XUJF1rslu0yAqim""",d89a035e-b470-424d-ac70-a6dd43f08ef2,GWT
"""1YeVHJZbrjSQONnV4N2V8O4BQNp""",ed391b1a-bf41-4cda-8636-427091d8213c,MST
"""1YeVOQqU44lWunHwRyMbeKth3PO""",401b9e43-587f-486a-b08a-782dfe30d2da,YLD
"""1YeVaSn03JTGKt0xY1giGFh4f1Y""",401b9e43-587f-486a-b08a-782dfe30d2da,HVPOP
"""1YeVfzQkCDynEA1xnjEV8upuk2G""",401b9e43-587f-486a-b08a-782dfe30d2da,EHT
"""1YeVvv6tc6z3yIj4Wb8Pagb0M7A""",30fcd3c8-3cf3-48c2-ae03-158b3090dec8,YLD
"""1YeW3gz6PfVAHIOsRiB5Si1rpH1""",401b9e43-587f-486a-b08a-782dfe30d2da,MST
"""1YeWBvaNBAuPPH857mCXXvdovIY""",401b9e43-587f-486a-b08a-782dfe30d2da,MST
"""1YeWSIOR04h01lsU2X3FBNIqjk0""",401b9e43-587f-486a-b08a-782dfe30d2da,SC
"""1YeWna91pLNrknhUM7ibWWZbmk9""",d89a035e-b470-424d-ac70-a6dd43f08ef2,GWT
"""1YeX5BBaQpgBvSzbZXsHRwP90As""",d89a035e-b470-424d-ac70-a6dd43f08ef2,YLD
"""1YeXKRN8GJThelVl28sXNYqMCXs""",401b9e43-587f-486a-b08a-782dfe30d2da,SC
"""1YeXeANqTK5sG5pK2Xwp533vtpj""",d89a035e-b470-424d-ac70-a6dd43f08ef2,TWT
"""1YeXgMVAmIiWGeRFLukN4Lfu624""",ed391b1a-bf41-4cda-8636-427091d8213c,EHT
"""1YeXs6JoFXvTsAqUH2G7Kt5ToLy""",401b9e43-587f-486a-b08a-782dfe30d2da,MST
"""1YeY4OIaPltUyxn3Wx2AkCN1agY""",d89a035e-b470-424d-ac70-a6dd43f08ef2,GWT
"""1YeYDhz4xSGQS74d1VHpaHR0XkU""",401b9e43-587f-486a-b08a-782dfe30d2da,YLD
"""1YeYh7FRnCNv2PIgiu5avJauDfv""",401b9e43-587f-486a-b08a-782dfe30d2da,SC
"""1YYUR2Ov3TVRuumrhRgKAFSHY9C""",401b9e43-587f-486a-b08a-782dfe30d2da,MST
"""1YeYuHnNdA6hi6t22H32Saloz2S""",401b9e43-587f-486a-b08a-782dfe30d2da,MST
"""1YeZUGfDxbvsUn5ZcEOTB6PtpUr""",ed391b1a-bf41-4cda-8636-427091d8213c,HVPOP
"""1YYYTX60JXZS4JPziNhEfU0QR59""",30fcd3c8-3cf3-48c2-ae03-158b3090dec8,MST
"""1YeZnamkEDiqKdlTpNh5DtQS03G""",30fcd3c8-3cf3-48c2-ae03-158b3090dec8,MST
"""1YeZwqRSLR2qtyAHqKdc5DGs4VU""",401b9e43-587f-486a-b08a-782dfe30d2da,SC
"""1YeaNksKsE3LtVBwJbAYcpNRnCy""",401b9e43-587f-486a-b08a-782dfe30d2da,HVPOP
"""1YeaUPvOyB5K5PhPHGnAQeL8a4e""",ed391b1a-bf41-4cda-8636-427091d8213c,MST
"""1YeajX4NjmK4cj5izLVkXqcYzaE""",401b9e43-587f-486a-b08a-782dfe30d2da,SC
"""1Yeb4jj6GSB5XfeSxjPApltPrtg""",401b9e43-587f-486a-b08a-782dfe30d2da,EHT
,ed391b1a-bf41-4cda-8636-427091d8213c,MST
"""1YebRTG1lUBxBQvPniyoxsATelR""",401b9e43-587f-486a-b08a-782dfe30d2da,YLD
"""1YebiLcsQe3eEU1c7KycgVi9Irx""",d89a035e-b470-424d-ac70-a6dd43f08ef2,MST
"""1YebpKUzTnJTF3iDAbefEr0eyvR""",401b9e43-587f-486a-b08a-782dfe30d2da,EHT
"""1Yec4Nc5Dxc8uVDPfqUyMSfkNK1""",d89a035e-b470-424d-ac70-a6dd43f08ef2,YLD
"""1YecB1GbWk5fpBzyH4QDyiIZx1g""",ed391b1a-bf41-4cda-8636-427091d8213c,YLD
"""1YecOnU1dkTibjwKNmNm79Pu8o5""",401b9e43-587f-486a-b08a-782dfe30d2da,MST
"""1YecnwZF7fpPquX28r1pX7dD94i""",401b9e43-587f-486a-b08a-782dfe30d2da,SC
,401b9e43-587f-486a-b08a-782dfe30d2da,MST
"""1Yed0EirzhSc29CCfsHUGXwnzYd""",401b9e43-587f-486a-b08a-782dfe30d2da,MST
"""1Yed8mK0n6QTkq96SksafGFPNHy""",401b9e43-587f-486a-b08a-782dfe30d2da,YLD
"""1YedG5peU1oDpTCDUB3fleNb90F""",401b9e43-587f-486a-b08a-782dfe30d2da,EHT
"""1YedOh61TFqgFtxQGPxJyPdWYgr""",ed391b1a-bf41-4cda-8636-427091d8213c,EHT
"""1YedeAFRxkDnynLaa2DhGVLJkyB""",401b9e43-587f-486a-b08a-782dfe30d2da,SC
"""1YedkPmo3ksu52tAmjO8UBqOOQI""",401b9e43-587f-486a-b08a-782dfe30d2da,YLD
"""1Ye6vN2bi5caKBe0SEPGdidmFVE""",d89a035e-b470-424d-ac70-a6dd43f08ef2,MST
"""1YeazKrsWFGK6lAnaSOZFQaqWVq""",401b9e43-587f-486a-b08a-782dfe30d2da,HVPOP
"""1Ye73dBEmGokIiWkLm3IjqwsdBO""",401b9e43-587f-486a-b08a-782dfe30d2da,YLD
"""1YeeU0gqTTHgOunNlQD4JtuLVln""",d89a035e-b470-424d-ac70-a6dd43f08ef2,TWT
"""1Ye76sAc8T2FjPeW7wkJP0crxIf""",ed391b1a-bf41-4cda-8636-427091d8213c,MST
"""1YebJr8cOL7KVXpc468zNpsyupQ""",30fcd3c8-3cf3-48c2-ae03-158b3090dec8,YLD
"""1YedzxgGo5oiTXNezdtNi6e0iq5""",d89a035e-b470-424d-ac70-a6dd43f08ef2,MST
"""1YeeFDREZVzeUITFWOLBrQh3L29""",d89a035e-b470-424d-ac70-a6dd43f08ef2,GWT
